{
    "camera":
    {
        "resolution": [640, 480],
        "transform": [
            {
                "lookat":
                {
                    "position": [0, 1, 0],
                    "target": [0, 0, -5],
                    "up": [0, 1, 0]
                }
            }
        ],
        "s": 1,
        "z_near": 1e-3,
        "z_far": 1e3
    },
    "background": [
        0.5, 0.5, 0.5
    ],
    "objects": [
        {
            "vertices": [
                -1.7,  1.0, -3.0,
                 1.0,  1.0, -3.0,
                -0.5, -1.0, -3.0,
                -2.5, -1.0, -3.0,
                -1.0,  1.5, -4.0,
                 0.2,  1.5, -4.0,
                 0.2, -1.5, -4.0
            ],
            "faces": [
                0, 1, 2,
                0, 2, 3,
                4, 5, 6 
            ],
            "vertex_colors": [
                0.75, 0.35, 0.35,
                0.35, 0.75, 0.35,
                0.35, 0.35, 0.75,
                0.75, 0.35, 0.75,
                0.35, 0.75, 0.75,
                0.75, 0.35, 0.75,
                0.75, 0.75, 0.35
            ],
            "transform": [
                {
                    "rotate": [30, 1, 1, 1]
                }
            ]
        }
    ]
}
