{
    "resolution": [800, 450],
    "background": [
        0.5, 0.5, 0.5
    ],
    "objects": [
        {
            "type": "circle",
            "center": [350, 225],
            "radius": 250,
            "color": [0.4, 0.8, 0.3]
        },
        {
            "type": "rectangle",
            "p_min": [70, 150],
            "p_max": [300, 350],
            "color": [0.3, 0.6, 0.7]
        },
        {
            "type": "triangle",
            "p0": [350, 20],
            "p1": [700, 800],
            "p2": [200, 450],
            "color": [0.8, 0.2, 0.3]
        }
    ]
}
